[
{
  "model": "catalog.tag",
  "pk": 6,
  "fields": {
    "name": "Нейрокот",
    "is_published": true,
    "slug": "neirocat",
    "normalized_name": "нейрокот"
  }
},
{
  "model": "catalog.tag",
  "pk": 7,
  "fields": {
    "name": "Чёрный",
    "is_published": true,
    "slug": "black",
    "normalized_name": "чёрный"
  }
},
{
  "model": "catalog.tag",
  "pk": 8,
  "fields": {
    "name": "Рыжий",
    "is_published": true,
    "slug": "ginger",
    "normalized_name": "рыжий"
  }
},
{
  "model": "catalog.tag",
  "pk": 9,
  "fields": {
    "name": "Белый",
    "is_published": true,
    "slug": "white",
    "normalized_name": "белый"
  }
},
{
  "model": "catalog.tag",
  "pk": 10,
  "fields": {
    "name": "Серый",
    "is_published": true,
    "slug": "grey",
    "normalized_name": "серый"
  }
},
{
  "model": "catalog.tag",
  "pk": 11,
  "fields": {
    "name": "Котёнок",
    "is_published": true,
    "slug": "pussy",
    "normalized_name": "котёнок"
  }
},
{
  "model": "catalog.tag",
  "pk": 12,
  "fields": {
    "name": "Трёхцветный",
    "is_published": true,
    "slug": "three_colors",
    "normalized_name": "трёхцветный"
  }
},
{
  "model": "catalog.tag",
  "pk": 13,
  "fields": {
    "name": "Полосатый",
    "is_published": true,
    "slug": "striped",
    "normalized_name": "полосатый"
  }
},
{
  "model": "catalog.category",
  "pk": 3,
  "fields": {
    "name": "Любимый питомец",
    "is_published": true,
    "slug": "love_pet",
    "normalized_name": "любимый питомец",
    "weight": 100
  }
},
{
  "model": "catalog.category",
  "pk": 4,
  "fields": {
    "name": "Друг и товарищ",
    "is_published": true,
    "slug": "friend",
    "normalized_name": "друг и товарищ",
    "weight": 100
  }
},
{
  "model": "catalog.category",
  "pk": 5,
  "fields": {
    "name": "Опасный охотник",
    "is_published": true,
    "slug": "dangerous_hunter",
    "normalized_name": "опасный охотник",
    "weight": 100
  }
},
{
  "model": "catalog.category",
  "pk": 6,
  "fields": {
    "name": "Милый котёнок",
    "is_published": true,
    "slug": "cute_pussy",
    "normalized_name": "милый котёнок",
    "weight": 100
  }
},
{
  "model": "catalog.item",
  "pk": 6,
  "fields": {
    "name": "Серый сидячий котёнок",
    "is_published": true,
    "text": "Превосходно",
    "is_on_main": true,
    "category": 6,
    "created_at": "2024-10-28T00:00:00Z",
    "updated_at": "2024-10-28T00:00:00Z",
    "tags": [
      6,
      10,
      11
    ]
  }
},
{
  "model": "catalog.item",
  "pk": 7,
  "fields": {
    "name": "Трёхцветный ушастый кот",
    "is_published": true,
    "text": "Превосходно",
    "is_on_main": true,
    "category": 4,
    "created_at": "2024-10-28T00:00:00Z",
    "updated_at": "2024-10-28T00:00:00Z",
    "tags": [
      12
    ]
  }
},
{
  "model": "catalog.item",
  "pk": 8,
  "fields": {
    "name": "Серый милашка",
    "is_published": false,
    "text": "Превосходно",
    "is_on_main": true,
    "category": 6,
    "created_at": "2024-10-28T00:00:00Z",
    "updated_at": "2024-10-28T00:00:00Z",
    "tags": [
      6,
      10,
      11,
      13
    ]
  }
},
{
  "model": "catalog.item",
  "pk": 9,
  "fields": {
    "name": "Чёрный величественный кот",
    "is_published": true,
    "text": "Превосходно",
    "is_on_main": false,
    "category": 4,
    "created_at": "2024-10-28T00:00:00Z",
    "updated_at": "2024-10-28T00:00:00Z",
    "tags": [
      6,
      7
    ]
  }
},
{
  "model": "catalog.item",
  "pk": 10,
  "fields": {
    "name": "Рысь-Охотник",
    "is_published": false,
    "text": "Превосходно",
    "is_on_main": true,
    "category": 5,
    "created_at": "2024-10-28T00:00:00Z",
    "updated_at": "2024-10-28T00:00:00Z",
    "tags": [
      10,
      13
    ]
  }
},
{
  "model": "catalog.item",
  "pk": 11,
  "fields": {
    "name": "Рыжик",
    "is_published": true,
    "text": "Превосходно",
    "is_on_main": false,
    "category": 3,
    "created_at": "2024-10-28T00:00:00Z",
    "updated_at": "2024-10-28T00:00:00Z",
    "tags": [
      8
    ]
  }
},
{
  "model": "catalog.item",
  "pk": 12,
  "fields": {
    "name": "Полосатый лежачий кот",
    "is_published": true,
    "text": "Превосходно",
    "is_on_main": true,
    "category": 4,
    "created_at": "2024-10-28T00:00:00Z",
    "updated_at": "2024-10-28T00:00:00Z",
    "tags": [
      10,
      13
    ]
  }
},
{
  "model": "catalog.item",
  "pk": 13,
  "fields": {
    "name": "Рыжий котёнок",
    "is_published": true,
    "text": "Превосходно",
    "is_on_main": false,
    "category": 6,
    "created_at": "2024-10-28T00:00:00Z",
    "updated_at": "2024-10-28T00:00:00Z",
    "tags": [
      6,
      8
    ]
  }
},
{
  "model": "catalog.item",
  "pk": 14,
  "fields": {
    "name": "Полосатый брезгливый кот",
    "is_published": true,
    "text": "Превосходно",
    "is_on_main": true,
    "category": 3,
    "created_at": "2024-10-28T00:00:00Z",
    "updated_at": "2024-10-28T00:00:00Z",
    "tags": [
      10,
      13
    ]
  }
},
{
  "model": "catalog.item",
  "pk": 15,
  "fields": {
    "name": "Полосатый охотник",
    "is_published": false,
    "text": "Превосходно",
    "is_on_main": false,
    "category": 5,
    "created_at": "2024-10-28T00:00:00Z",
    "updated_at": "2024-10-28T00:00:00Z",
    "tags": [
      10,
      13
    ]
  }
},
{
  "model": "catalog.item",
  "pk": 16,
  "fields": {
    "name": "Рыжий милашка",
    "is_published": true,
    "text": "Превосходно",
    "is_on_main": true,
    "category": 6,
    "created_at": "2024-10-28T00:00:00Z",
    "updated_at": "2024-10-28T00:00:00Z",
    "tags": [
      8,
      11
    ]
  }
},
{
  "model": "catalog.item",
  "pk": 17,
  "fields": {
    "name": "Серый красавчик",
    "is_published": true,
    "text": "Превосходно",
    "is_on_main": false,
    "category": 4,
    "created_at": "2024-10-28T00:00:00Z",
    "updated_at": "2024-10-28T00:00:00Z",
    "tags": [
      10
    ]
  }
},
{
  "model": "catalog.item",
  "pk": 18,
  "fields": {
    "name": "Полосатый презрительный кот",
    "is_published": true,
    "text": "Превосходно",
    "is_on_main": true,
    "category": 3,
    "created_at": "2024-10-28T00:00:00Z",
    "updated_at": "2024-10-28T00:00:00Z",
    "tags": [
      12,
      13
    ]
  }
},
{
  "model": "catalog.item",
  "pk": 19,
  "fields": {
    "name": "Задумчивый трехцветный кот",
    "is_published": true,
    "text": "Превосходно",
    "is_on_main": true,
    "category": 4,
    "created_at": "2024-10-28T00:00:00Z",
    "updated_at": "2024-10-28T00:00:00Z",
    "tags": [
      12
    ]
  }
},
{
  "model": "catalog.item",
  "pk": 20,
  "fields": {
    "name": "Спокойный полосатик",
    "is_published": false,
    "text": "Превосходно",
    "is_on_main": false,
    "category": 3,
    "created_at": "2024-10-28T00:00:00Z",
    "updated_at": "2024-10-28T00:00:00Z",
    "tags": [
      10,
      13
    ]
  }
},
{
  "model": "catalog.item",
  "pk": 21,
  "fields": {
    "name": "Рыжий шалун",
    "is_published": true,
    "text": "Превосходно",
    "is_on_main": false,
    "category": 3,
    "created_at": "2024-10-28T00:00:00Z",
    "updated_at": "2024-10-28T00:00:00Z",
    "tags": [
      8
    ]
  }
},
{
  "model": "catalog.item",
  "pk": 22,
  "fields": {
    "name": "Чёрный милашка",
    "is_published": true,
    "text": "Превосходно",
    "is_on_main": true,
    "category": 6,
    "created_at": "2024-10-28T00:00:00Z",
    "updated_at": "2024-10-28T00:00:00Z",
    "tags": [
      6,
      7,
      11
    ]
  }
},
{
  "model": "catalog.item",
  "pk": 23,
  "fields": {
    "name": "Белый пушистик",
    "is_published": true,
    "text": "<p><span style=\"background-color: rgb(230, 126, 35);\"><em><strong>Превосходно <span style=\"background-color: rgb(255, 255, 255);\">але че ты фон оставляешь а вот получилось ну щас проврим обрезалку ха ха ха121321</span></strong></em></span></p>",
    "is_on_main": true,
    "category": 3,
    "created_at": "2024-10-28T00:00:00Z",
    "updated_at": "2024-10-28T12:03:07.772Z",
    "tags": [
      6,
      9
    ]
  }
},
{
  "model": "catalog.item",
  "pk": 24,
  "fields": {
    "name": "Эрмитажный кот",
    "is_published": false,
    "text": "Превосходно",
    "is_on_main": true,
    "category": 4,
    "created_at": "2024-10-28T00:00:00Z",
    "updated_at": "2024-10-28T00:00:00Z",
    "tags": [
      12,
      13
    ]
  }
},
{
  "model": "catalog.item",
  "pk": 25,
  "fields": {
    "name": "Задумчивый пушистик",
    "is_published": false,
    "text": "Превосходно",
    "is_on_main": false,
    "category": 3,
    "created_at": "2024-10-28T00:00:00Z",
    "updated_at": "2024-10-28T00:00:00Z",
    "tags": [
      12
    ]
  }
},
{
  "model": "catalog.item",
  "pk": 26,
  "fields": {
    "name": "КотВХорошемКачестве",
    "is_published": true,
    "text": "<p>Превосходно</p>",
    "is_on_main": true,
    "category": 5,
    "created_at": "2024-10-28T00:00:00Z",
    "updated_at": "2024-10-28T00:00:00Z",
    "tags": [
      11
    ]
  }
},
{
  "model": "catalog.mainimage",
  "pk": 2,
  "fields": {
    "image": "items/main_image/серый_сидячий.jpg",
    "item": 6
  }
},
{
  "model": "catalog.mainimage",
  "pk": 3,
  "fields": {
    "image": "items/main_image/трехцветный_ушастый.jpg",
    "item": 7
  }
},
{
  "model": "catalog.mainimage",
  "pk": 4,
  "fields": {
    "image": "items/main_image/серый_милашка.jpg",
    "item": 8
  }
},
{
  "model": "catalog.mainimage",
  "pk": 5,
  "fields": {
    "image": "items/main_image/черный_величественный.jpg",
    "item": 9
  }
},
{
  "model": "catalog.mainimage",
  "pk": 6,
  "fields": {
    "image": "items/main_image/рысь_охотник.jpg",
    "item": 10
  }
},
{
  "model": "catalog.mainimage",
  "pk": 7,
  "fields": {
    "image": "items/main_image/рыжий_просто_рыжий.jpg",
    "item": 11
  }
},
{
  "model": "catalog.mainimage",
  "pk": 8,
  "fields": {
    "image": "items/main_image/полосатый_лежачий.jpg",
    "item": 12
  }
},
{
  "model": "catalog.mainimage",
  "pk": 9,
  "fields": {
    "image": "items/main_image/рыжий_котенок.jpg",
    "item": 13
  }
},
{
  "model": "catalog.mainimage",
  "pk": 10,
  "fields": {
    "image": "items/main_image/полосатый_брезгливый.jpg",
    "item": 14
  }
},
{
  "model": "catalog.mainimage",
  "pk": 11,
  "fields": {
    "image": "items/main_image/полосатый_охотник.jpg",
    "item": 15
  }
},
{
  "model": "catalog.mainimage",
  "pk": 12,
  "fields": {
    "image": "items/main_image/рыжий_милашка.jpg",
    "item": 16
  }
},
{
  "model": "catalog.mainimage",
  "pk": 13,
  "fields": {
    "image": "items/main_image/серый_красавчик.jpg",
    "item": 17
  }
},
{
  "model": "catalog.mainimage",
  "pk": 14,
  "fields": {
    "image": "items/main_image/полосатый_презрительный_взгляд.jpg",
    "item": 18
  }
},
{
  "model": "catalog.mainimage",
  "pk": 15,
  "fields": {
    "image": "items/main_image/внимательный_трехцветный.jpg",
    "item": 19
  }
},
{
  "model": "catalog.mainimage",
  "pk": 16,
  "fields": {
    "image": "items/main_image/спокойный_полосатик.jpg",
    "item": 20
  }
},
{
  "model": "catalog.mainimage",
  "pk": 17,
  "fields": {
    "image": "items/main_image/рыжий_шалун.jpg",
    "item": 21
  }
},
{
  "model": "catalog.mainimage",
  "pk": 18,
  "fields": {
    "image": "items/main_image/черный_милашка.jpg",
    "item": 22
  }
},
{
  "model": "catalog.mainimage",
  "pk": 19,
  "fields": {
    "image": "items/main_image/белый_пушистик.jpg",
    "item": 23
  }
},
{
  "model": "catalog.mainimage",
  "pk": 20,
  "fields": {
    "image": "items/main_image/эрмитажный_кот.jpg",
    "item": 24
  }
},
{
  "model": "catalog.mainimage",
  "pk": 21,
  "fields": {
    "image": "items/main_image/задумчивый_пушистик.jpg",
    "item": 25
  }
},
{
  "model": "catalog.mainimage",
  "pk": 22,
  "fields": {
    "image": "items/main_image/ХорошееКачество.jpg",
    "item": 26
  }
},
{
  "model": "catalog.itemgalery",
  "pk": 2,
  "fields": {
    "images": "items/galery/QuickDBD-export_1.jpg",
    "item": 14
  }
},
{
  "model": "catalog.itemgalery",
  "pk": 3,
  "fields": {
    "images": "items/galery/QuickDBD-export_1.png",
    "item": 14
  }
},
{
  "model": "catalog.itemgalery",
  "pk": 4,
  "fields": {
    "images": "items/galery/QuickDBD-NAME_NOT_SET_1.png",
    "item": 14
  }
}
]
